order_id,buyer_id,created_at
1,51,2025-02-01 10:00:00
2,52,2025-02-02 10:00:00
3,53,2025-02-03 10:00:00
4,54,2025-02-04 10:00:00
5,55,2025-02-05 10:00:00
6,56,2025-02-06 10:00:00
7,57,2025-02-07 10:00:00
8,58,2025-02-08 10:00:00
9,59,2025-02-09 10:00:00
10,60,2025-02-10 10:00:00
11,61,2025-02-11 10:00:00
12,62,2025-02-12 10:00:00
13,63,2025-02-13 10:00:00
14,64,2025-02-14 10:00:00
15,65,2025-02-15 10:00:00
16,66,2025-02-16 10:00:00
17,67,2025-02-17 10:00:00
18,68,2025-02-18 10:00:00
19,69,2025-02-19 10:00:00
20,70,2025-02-20 10:00:00
21,71,2025-02-21 10:00:00
22,72,2025-02-22 10:00:00
23,73,2025-02-23 10:00:00
24,74,2025-02-24 10:00:00
25,75,2025-02-25 10:00:00
26,76,2025-02-26 10:00:00
27,77,2025-02-27 10:00:00
28,78,2025-02-28 10:00:00
29,79,2025-03-01 10:00:00
30,80,2025-03-02 10:00:00
31,81,2025-03-03 10:00:00
32,82,2025-03-04 10:00:00
33,83,2025-03-05 10:00:00
34,84,2025-03-06 10:00:00
35,85,2025-03-07 10:00:00
36,86,2025-03-08 10:00:00
37,87,2025-03-09 10:00:00
38,88,2025-03-10 10:00:00
39,89,2025-03-11 10:00:00
40,90,2025-03-12 10:00:00
41,91,2025-03-13 10:00:00
42,92,2025-03-14 10:00:00
43,93,2025-03-15 10:00:00
44,94,2025-03-16 10:00:00
45,95,2025-03-17 10:00:00
46,96,2025-03-18 10:00:00
47,97,2025-03-19 10:00:00
48,98,2025-03-20 10:00:00
49,99,2025-03-21 10:00:00
50,100,2025-03-22 10:00:00
51,51,2025-03-23 10:00:00
52,52,2025-03-24 10:00:00
53,53,2025-03-25 10:00:00
54,54,2025-03-26 10:00:00
55,55,2025-03-27 10:00:00
56,56,2025-03-28 10:00:00
57,57,2025-03-29 10:00:00
58,58,2025-03-30 10:00:00
59,59,2025-03-31 10:00:00
60,60,2025-04-01 10:00:00
61,61,2025-04-02 10:00:00
62,62,2025-04-03 10:00:00
63,63,2025-04-04 10:00:00
64,64,2025-04-05 10:00:00
65,65,2025-04-06 10:00:00
66,66,2025-04-07 10:00:00
67,67,2025-04-08 10:00:00
68,68,2025-04-09 10:00:00
69,69,2025-04-10 10:00:00
70,70,2025-04-11 10:00:00
71,71,2025-04-12 10:00:00
72,72,2025-04-13 10:00:00
73,73,2025-04-14 10:00:00
74,74,2025-04-15 10:00:00
75,75,2025-04-16 10:00:00
76,76,2025-04-17 10:00:00
77,77,2025-04-18 10:00:00
78,78,2025-04-19 10:00:00
79,79,2025-04-20 10:00:00
80,80,2025-04-21 10:00:00
81,81,2025-04-22 10:00:00
82,82,2025-04-23 10:00:00
83,83,2025-04-24 10:00:00
84,84,2025-04-25 10:00:00
85,85,2025-04-26 10:00:00
86,86,2025-04-27 10:00:00
87,87,2025-04-28 10:00:00
88,88,2025-04-29 10:00:00
89,89,2025-04-30 10:00:00
90,90,2025-05-01 10:00:00
91,91,2025-05-02 10:00:00
92,92,2025-05-03 10:00:00
93,93,2025-05-04 10:00:00
94,94,2025-05-05 10:00:00
95,95,2025-05-06 10:00:00
96,96,2025-05-07 10:00:00
97,97,2025-05-08 10:00:00
98,98,2025-05-09 10:00:00
99,99,2025-05-10 10:00:00
100,100,2025-05-11 10:00:00
101,51,2025-05-12 10:00:00
102,52,2025-05-13 10:00:00
103,53,2025-05-14 10:00:00
104,54,2025-05-15 10:00:00
105,55,2025-05-16 10:00:00
106,56,2025-05-17 10:00:00
107,57,2025-05-18 10:00:00
108,58,2025-05-19 10:00:00
109,59,2025-05-20 10:00:00
110,60,2025-05-21 10:00:00
111,61,2025-05-22 10:00:00
112,62,2025-05-23 10:00:00
113,63,2025-05-24 10:00:00
114,64,2025-05-25 10:00:00
115,65,2025-05-26 10:00:00
116,66,2025-05-27 10:00:00
117,67,2025-05-28 10:00:00
118,68,2025-05-29 10:00:00
119,69,2025-05-30 10:00:00
120,70,2025-05-31 10:00:00
